{
    "HeroHealth": 100.0,
    "Position": [
        18.199745178222658,
        2.2493433952331545,
        -0.043333232402801517
    ],
    "Coins": 1,
    "HealthBottle": 0,
    "Animator": {
        "instanceID": -510290
    }
}