{
    "HeroHealth": 100.0,
    "Position": [
        17.452428817749025,
        2.242579936981201,
        -0.043333232402801517
    ],
    "Coins": 4,
    "HealthBottle": 0,
    "Animator": {
        "instanceID": -360464
    }
}