{
    "HeroHealth": 98.0,
    "Position": [
        29.68947410583496,
        0.9680289626121521,
        -0.043333232402801517
    ],
    "Coins": 26,
    "HealthBottle": 0,
    "Animator": {
        "instanceID": -2340
    }
}