{
    "HeroHealth": 100.0,
    "Position": [
        950.3763427734375,
        541.2890014648438,
        0.0
    ],
    "Coins": 0,
    "HealthBottle": 0
}